state,avg_enrolment,avg_biometric,avg_demographic,avg_bio_to_enrol
KARNATAKA,3479.285714285714,58350.607142857145,21730.85714285714,191.51332998843867
TAMIL NADU,2666.9285714285716,94882.10714285714,20485.464285714286,234.91063733307922
