state,avg_enrolment,avg_biometric,avg_demographic,avg_bio_to_enrol,avg_enrolment_growth,priority_flag
GUJARAT,5967.821428571428,75629.92857142857,23382.85714285714,83.03124341760804,2.29295328446268,True
KARNATAKA,3479.285714285714,58350.607142857145,21730.85714285714,191.51332998843867,11.581313872837185,True
MAHARASHTRA,6155.892857142857,189896.39285714287,58791.96428571428,83.35635717041454,1.3882056052558087,True
TAMIL NADU,2666.9285714285716,94882.10714285714,20485.464285714286,234.91063733307922,1.8030258897366525,True
TELANGANA,1926.857142857143,35490.28571428572,20035.535714285714,73.49638622541099,1.8607693961520368,True
