feature,importance
avg_biometric,0.7464686122650767
avg_demographic,0.12452387316485355
avg_enrolment,0.12031459841999473
avg_bio_to_enrol,0.00869291615007504
